method_pair,spearman_rho,p_value
RFE_vs_SHAP,0.48267865497309465,0.012507354369792605
RFE_vs_Consensus,0.6823367766464004,0.00012312434250010202
SHAP_vs_Consensus,0.5938461538461539,0.001381983518992488
Top10_RFE_SHAP_Jaccard,0.3333333333333333,
Top10_RFE_Consensus_Jaccard,0.5384615384615384,
Top10_SHAP_Consensus_Jaccard,0.5384615384615384,
